Workbook

Sheet Sheet1
A1: İstasyon No | B1: Hizmet Şekli | C1: Marka | D1: Adres | E1: Enlem | F1: Boylam | G1: Soket No | H1: Soket Tipi | I1: kaynak_dosya
A2: 8 | B2: HALKA_ACIK | C2: zes | D2: Kurşunlu Mahallesi Ankara-eskişehir Yolu 134. Km Sivrihisar / ESKİŞEHİR | E2: =_xlfn.XLOOKUP(D2, Sheet2!A:A, Sheet2!B:B, "Not Found", 0) -> 39.910144 | F2: =_xlfn.XLOOKUP(D2, Sheet2!A:A, Sheet2!C:C, "Not Found", 0) -> 32.787109 | G2: SKT/31637 | H2: DC | I2: sarjIstasyonlari (32).xls
A3: 9 | B3: HALKA_ACIK | C3: SHARZ.NET | D3: Camikebir Mahallesi Atatürk Caddesi No:56 Kaymaklı Kasabası Merkez / NEVŞEHİR | E3: =_xlfn.XLOOKUP(D3, Sheet2!A:A, Sheet2!B:B, "Not Found", 0) -> 38.464149 | F3: =_xlfn.XLOOKUP(D3, Sheet2!A:A, Sheet2!C:C, "Not Found", 0) -> 34.751621 | G3: SKT/15 | H3: AC | I3: sarjIstasyonlari (6).xls
A4: 12 | B4: HALKA_ACIK | C4: eşarj | D4: Sanayi Mahallesi 1655 Sokağı No:6 Esenyurt / İSTANBUL | E4: =_xlfn.XLOOKUP(D4, Sheet2!A:A, Sheet2!B:B, "Not Found", 0) -> 41.056159 | F4: =_xlfn.XLOOKUP(D4, Sheet2!A:A, Sheet2!C:C, "Not Found", 0) -> 28.668737 | G4: SKT/18 | H4: AC | I4: sarjIstasyonlari (9).xls
A5: 16 | B5: HALKA_ACIK | C5: eşarj | D5: Esentepe Mahallesi Büyükdere Caddesi No:185 Şişli / İSTANBUL | E5: =_xlfn.XLOOKUP(D5, Sheet2!A:A, Sheet2!B:B, "Not Found", 0) -> 41.078208 | F5: =_xlfn.XLOOKUP(D5, Sheet2!A:A, Sheet2!C:C, "Not Found", 0) -> 29.012207 | G5: SKT/28 | H5: AC | I5: sarjIstasyonlari (7).xls
A6: 19 | B6: HALKA_ACIK | C6: eşarj | D6: Üniversite Mahallesi Selvi Sokağı No:42 Avcılar / İSTANBUL | E6: =_xlfn.XLOOKUP(D6, Sheet2!A:A, Sheet2!B:B, "Not Found", 0) -> 40.995117 | F6: =_xlfn.XLOOKUP(D6, Sheet2!A:A, Sheet2!C:C, "Not Found", 0) -> 28.709901 | G6: SKT/33 | H6: AC | I6: sarjIstasyonlari (9).xls
A7: 20 | B7: HALKA_ACIK | C7: eşarj | D7: Dikilitaş Mahallesi Hakkı Yeten Caddesi No:10 Beşiktaş / İSTANBUL | E7: =_xlfn.XLOOKUP(D7, Sheet2!A:A, Sheet2!B:B, "Not Found", 0) -> 41.053672 | F7: =_xlfn.XLOOKUP(D7, Sheet2!A:A, Sheet2!C:C, "Not Found", 0) -> 29.000337 | G7: SKT/35 | H7: AC | I7: sarjIstasyonlari (7).xls
A8: 22 | B8: HALKA_ACIK | C8: eşarj | D8: Tarabya Mahallesi Haydar Aliyev Caddesi No:154 Sarıyer / İSTANBUL | E8: =_xlfn.XLOOKUP(D8, Sheet2!A:A, Sheet2!B:B, "Not Found", 0) -> 41.13964 | F8: =_xlfn.XLOOKUP(D8, Sheet2!A:A, Sheet2!C:C, "Not Found", 0) -> 29.057704 | G8: SKT/39 | H8: AC | I8: sarjIstasyonlari (7).xls
A9: 23 | B9: HALKA_ACIK | C9: eşarj | D9: Sinanpaşa Mahallesi Hayrettin İskelesi Sokağı No:1 Beşiktaş / İSTANBUL | E9: =_xlfn.XLOOKUP(D9, Sheet2!A:A, Sheet2!B:B, "Not Found", 0) -> 41.040924 | F9: =_xlfn.XLOOKUP(D9, Sheet2!A:A, Sheet2!C:C, "Not Found", 0) -> 29.004905 | G9: SKT/58426 | H9: DC | I9: sarjIstasyonlari (32).xls
A10: 25 | B10: HALKA_ACIK | C10: eşarj | D10: Merkez Mahallesi Değirmenbahçe Caddesi No:2 Köyaltı Bahçelievler / İSTANBUL | E10: =_xlfn.XLOOKUP(D10, Sheet2!A:A, Sheet2!B:B, "Not Found", 0) -> 41.013561 | F10: =_xlfn.XLOOKUP(D10, Sheet2!A:A, Sheet2!C:C, "Not Found", 0) -> 28.824802 | G10: SKT/4720 | H10: DC | I10: sarjIstasyonlari (11).xls
A11: 38 | B11: HALKA_ACIK | C11: eşarj | D11: Uskumruköy Mahallesi 1. Caddesi No:8A-8B Sarıyer / İSTANBUL | E11: =_xlfn.XLOOKUP(D11, Sheet2!A:A, Sheet2!B:B, "Not Found", 0) -> 41.219894 | F11: =_xlfn.XLOOKUP(D11, Sheet2!A:A, Sheet2!C:C, "Not Found", 0) -> 29.02238 | G11: SKT/70 | H11: AC | I11: sarjIstasyonlari (7).xls
A12: 40 | B12: HALKA_ACIK | C12: eşarj | D12: Turgut Özal Mahallesi 70. Sokağı No:46 Esenyurt / İSTANBUL | E12: =_xlfn.XLOOKUP(D12, Sheet2!A:A, Sheet2!B:B, "Not Found", 0) -> 41.000697 | F12: =_xlfn.XLOOKUP(D12, Sheet2!A:A, Sheet2!C:C, "Not Found", 0) -> 28.696323 | G12: SKT/37385 | H12: DC | I12: sarjIstasyonlari (17).xls
A13: 42 | B13: HALKA_ACIK | C13: eşarj | D13: Şenlikköy Mahallesi İstanbul-edirne Asfaltı Caddesi No:22 Bakırköy / İSTANBUL | E13: =_xlfn.XLOOKUP(D13, Sheet2!A:A, Sheet2!B:B, "Not Found", 0) -> 41.134712 | F13: =_xlfn.XLOOKUP(D13, Sheet2!A:A, Sheet2!C:C, "Not Found", 0) -> 28.831968 | G13: SKT/81 | H13: DC | I13: sarjIstasyonlari (7).xls
... A14884: 21334 | B14884: HALKA_ACIK | C14884: BLADECO | D14884: Altıntaş Mahallesi 31170 Sokağı No:2A Aksu / ANTALYA | E14884: =_xlfn.XLOOKUP(D14884, Sheet2!A:A, Sheet2!B:B, "Not Found", 0) -> 36.887318 | F14884: =_xlfn.XLOOKUP(D14884, Sheet2!A:A, Sheet2!C:C, "Not Found", 0) -> 30.81446 | G14884: SKT/62065 | H14884: AC | I14884: sarjIstasyonlari (35).xls

Sheet Sheet2
A1: Adres | B1: enlem | C1: boylam
A2: - Caddesi No:176 Yukarı Mahmutlar Merkez / KIRIKKALE | B2: 39.850689 | C2: 33.501569
A3: - Mahallesi - Caddesi 1047 Sokağı No:30 Fethiye / MUĞLA | B3: 36.667225 | C3: 29.109613
A4: - Mahallesi - Caddesi Belen Kumluca / ANTALYA | B4: 36.37461 | C4: 30.394154
A5: - Mahallesi - Caddesi Gedik Bayat Bademleri Korkuteli / ANTALYA | B5: 37.071953 | C5: 30.469736
A6: - Mahallesi - Caddesi Kartalkaya Tazılar Merkez / BOLU | B6: 40.730785 | C6: 31.605547
A7: - Mahallesi - Caddesi No:194 Çevreyolu Üzeri Muratpaşa / ANTALYA | B7: 36.268041 | C7: 32.318419
A8: - Mahallesi - Caddesi No:40/A İçmeler Bodrum / MUĞLA | B8: 36.760658 | C8: 27.796501
A9: - Mahallesi - Caddesi Tormak Sanayi Sit 11870 Tm Yanı Başakşehir / İSTANBUL | B9: 41.06112 | C9: 28.734462
A10: - Mahallesi Ayhan Tosyalı Caddesi No:20 Toprakkale / OSMANİYE | B10: 37.008422 | C10: 36.11013
A11: - Mahallesi Bahçelievler Caddesi No:129 Bahçelievler Bodrum / MUĞLA | B11: 37.272877 | C11: 28.221654
A12: - Mahallesi Cihanköy Sokağı No:220/A Orhangazi / BURSA | B12: 40.523548 | C12: 29.341091
A13: - Mahallesi Demokrasi Caddesi No:43 Çukurbağ Yarımadası Kaş / ANTALYA | B13: 36.267379 | C13: 29.405183
... A13668: Genel Toplam | B13668: 40.62125 | C13668: 37.77969
